{
    "PrevCompiledModules": {},
    "cycles_program_begin": 833932349813,
    "CurCompileUdps": {},
    "CompileProcesses": [
        "cgproc.11461.json"
    ],
    "cpu_cycles_pass2_start": 836355574911,
    "perf": [
        {
            "stat": [
                "main",
                "entry",
                0.21748590469360352,
                0.0085929999999999999,
                0.50168400000000002,
                217356,
                217356,
                0.0,
                0.0,
                1643339866.6851299,
                833938030423
            ],
            "sub": [
                {
                    "stat": [
                        "doParsingAndDesignResolution",
                        "entry",
                        0.56191611289978027,
                        0.0085929999999999999,
                        0.56163600000000002,
                        276356,
                        277156,
                        0.0,
                        0.0,
                        1643339867.0295601,
                        834624141768
                    ],
                    "sub": []
                },
                {
                    "stat": [
                        "doParsingAndDesignResolution",
                        "exit",
                        0.82298898696899414,
                        0.0085929999999999999,
                        0.70878200000000002,
                        277368,
                        278016,
                        0.0,
                        0.0,
                        1643339867.290633,
                        835144193184
                    ],
                    "sub": []
                },
                {
                    "stat": [
                        "doPostDesignResolutionToVir2Vcs",
                        "entry",
                        0.8247220516204834,
                        0.0085929999999999999,
                        0.70998600000000001,
                        277532,
                        278016,
                        0.0,
                        0.0,
                        1643339867.292366,
                        835147606167
                    ],
                    "sub": [
                        {
                            "stat": [
                                "doUptoVir2VcsNoSepCleanup",
                                "entry",
                                0.86336493492126465,
                                0.012257000000000001,
                                0.73116400000000004,
                                278528,
                                278528,
                                0.0,
                                0.0,
                                1643339867.3310089,
                                835224609364
                            ],
                            "sub": []
                        },
                        {
                            "stat": [
                                "doUptoVir2VcsNoSepCleanup",
                                "exit",
                                1.1332581043243408,
                                0.019931999999999998,
                                0.91288999999999998,
                                281504,
                                293840,
                                0.0,
                                0.0031419999999999998,
                                1643339867.6009021,
                                835762233629
                            ],
                            "sub": []
                        },
                        {
                            "stat": [
                                "doRadify_vir2vcsAll",
                                "entry",
                                1.1365139484405518,
                                0.019990999999999998,
                                0.91558799999999996,
                                281504,
                                293840,
                                0.0,
                                0.0031419999999999998,
                                1643339867.6041579,
                                835768682927
                            ],
                            "sub": []
                        },
                        {
                            "stat": [
                                "doRadify_vir2vcsAll",
                                "exit",
                                1.1563539505004883,
                                0.020140000000000002,
                                0.93051099999999998,
                                281504,
                                293840,
                                0.0,
                                0.0031419999999999998,
                                1643339867.6239979,
                                835808216792
                            ],
                            "sub": []
                        }
                    ]
                },
                {
                    "stat": [
                        "doPostDesignResolutionToVir2Vcs",
                        "exit",
                        1.1564140319824219,
                        0.020142,
                        0.93057199999999995,
                        281504,
                        293840,
                        0.0,
                        0.0031419999999999998,
                        1643339867.624058,
                        835808263304
                    ],
                    "sub": []
                },
                {
                    "stat": [
                        "doGAToPass2",
                        "entry",
                        1.1564350128173828,
                        0.020142,
                        0.93059199999999997,
                        281504,
                        293840,
                        0.0,
                        0.0031419999999999998,
                        1643339867.624079,
                        835808295761
                    ],
                    "sub": [
                        {
                            "stat": [
                                "DoPass2",
                                "entry",
                                1.4311549663543701,
                                0.020142,
                                0.93302099999999999,
                                279948,
                                293840,
                                0.0080300000000000007,
                                0.16408500000000001,
                                1643339867.8987989,
                                836355560378
                            ],
                            "sub": []
                        },
                        {
                            "stat": [
                                "DoPass2",
                                "exit",
                                1.6043949127197266,
                                0.048098000000000002,
                                1.0457460000000001,
                                291696,
                                293840,
                                0.0080300000000000007,
                                0.16408500000000001,
                                1643339868.0720389,
                                836700622183
                            ],
                            "sub": []
                        }
                    ]
                },
                {
                    "stat": [
                        "doGAToPass2",
                        "exit",
                        1.6100800037384033,
                        0.048098000000000002,
                        1.051431,
                        291696,
                        293840,
                        0.0080300000000000007,
                        0.16408500000000001,
                        1643339868.077724,
                        836711944211
                    ],