{
    "ObjArchives": [
        {
            "archive": "archive.0/_11461_archive_1.a",
            "objects": [
                [
                    "reYIK_d.o",
                    43000
                ],
                [
                    "C26kq_d.o",
                    29408
                ],
                [
                    "wdhZh_d.o",
                    65482
                ],
                [
                    "YRR5F_d.o",
                    12478
                ],
                [
                    "zJjHe_d.o",
                    21152
                ],
                [
                    "Y6ALv_d.o",
                    15520
                ],
                [
                    "FQAux_d.o",
                    23670
                ],
                [
                    "amcQwB.o",
                    130402
                ]
            ],
            "size": 341112
        }
    ],
    "Modules": {
        "tb_mem": {
            "nRouts": 43,
            "Compiled Times": 1,
            "start_perf": [
                1.5540289878845215,
                0.039053999999999998,
                1.0066059999999999,
                288220,
                293840,
                1643339868.021673,
                836600268842
            ],
            "child_modules": {},
            "nQuads": 314,
            "Compiled": "Yes",
            "end_perf": [
                1.5617799758911133,
                0.044058,
                1.0093369999999999,
                288220,
                293840,
                836615992579,
                81604378625,
                0
            ],
            "nMops": 797
        },
        "tb_alu": {
            "nRouts": 19,
            "Compiled Times": 1,
            "start_perf": [
                1.5510690212249756,
                0.036093,
                1.0066059999999999,
                288220,
                293840,
                1643339868.018713,
                836594375608
            ],
            "child_modules": {
                "alu": 1
            },
            "nQuads": 109,
            "Compiled": "Yes",
            "end_perf": [
                1.5540049076080322,
                0.039028,
                1.0066059999999999,
                288220,
                293840,
                836600237772,
                77309411329,
                0
            ],
            "nMops": 248
        },
        "...MASTER...": {
            "nRouts": 5,
            "start_perf": [
                1.4322569370269775,
                0.020142,
                0.93325199999999997,
                279948,
                293840,
                1643339867.8999009,
                836357719137
            ],
            "child_modules": {
                "tb_rvsingle": 1,
                "std": 1,
                "tb_extend": 1,
                "tb_mem": 1,
                "tb_alu": 1,
                "tb_regfile": 1
            },
            "end_perf": [
                1.4488160610198975,
                0.020142,
                0.93823400000000001,
                282356,
                293840,
                836390724763,
                0,
                0
            ],
            "nQuads": 0,
            "nMops": 0
        },
        "tb_extend": {
            "nRouts": 20,
            "Compiled Times": 1,
            "start_perf": [
                1.5619869232177734,
                0.044067000000000002,
                1.0095499999999999,
                288220,
                293840,
                1643339868.0296309,
                836616138578
            ],
            "child_modules": {},
            "nQuads": 191,
            "Compiled": "Yes",
            "end_perf": [
                1.5664870738983154,
                0.048096,
                1.0100210000000001,
                288220,
                293840,
                836625139309,
                85899345921,
                0
            ],
            "nMops": 651
        },
        "std": {
            "Compiled Times": 1,
            "nRouts": 33,
            "start_perf": [
                1.4488720893859863,
                0.020142,
                0.93829200000000001,
                282356,
                293840,
                1643339867.9165161,
                836390803485
            ],
            "child_modules": {},
            "Compiled": "Yes",
            "nQuads": 218,
            "significant_routs": [
                [
                    24,
                    "F_VCSgd_reYIK_24_0",
                    13913018,
                    984,
                    90
                ]
            ],
            "end_perf": [
                1.4741699695587158,
                0.020160999999999998,
                0.95566899999999999,
                286556,
                293840,
                836441229012,
                8589934594,
                0
            ],
            "svclass": [
                "$vcs_nba_dyn_obj",
                576,
                35,
                2,
                2,
                0,
                "sigprop$$",
                576,
                35,
                2,
                2,
                0,
                "process",
                2380,
                200,
                8,
                8,
                0,
                "event",
                597,
                34,
                2,
                2,
                0,
                "mailbox",
                1769,
                140,
                9,
                9,
                0,
                "semaphore",
                1119,
                84,
                5,
                5,
                0
            ],
            "nMops": 528
        },
        "alu": {
            "Compiled Times": 1,
            "nRouts": 45,
            "start_perf": [
                1.4742119312286377,
                0.020161999999999999,
                0.95571099999999998,
                286556,
                293840,
                1643339867.9418559,
                836441275336
            ],
            "child_modules": {},
            "Compiled": "Yes",
            "nQuads": 587,
            "significant_routs": [
                [
                    1,
                    "X_VCSgd_C26kq_0_0",
                    14661230,
                    121,
                    19
                ],
                [
                    4,
                    "R_VCSgd_C26kq_4",
                    12341675,
                    700,
                    73
                ]
            ],
            "end_perf": [
                1.5136480331420898,
                0.020161999999999999,
                0.98726800000000003,
                288220,
                293840,
                836519891416,
                38654705665,
                0
            ],
            "nMops": 2255
        },
        "tb_rvsingle": {
            "nRouts": 118,
            "Compiled Times": 1,
            "start_perf": [
                1.5137009620666504,
                0.020161999999999999,
                0.98732200000000003,
                288220,
                293840,
                1643339867.9813449,
                836519935884
            ],
            "child_modules": {
                "alu": 1
            },
            "nQuads": 1638,
            "Compiled": "Yes",
            "end_perf": [
                1.551002025604248,
                0.036089999999999997,
                1.006537,
                288220,
                293840,
                836594326279,
                73014444033,
                0
            ],
            "nMops": 4993
        },
        "tb_regfile": {
            "nRouts": 51,
            "Compiled Times": 1,